Glycan_ID	Structure	Canonicalized_Structure	mz	Charge	MH	Glycan_Type	IncludedAdductsAndMore	Hex	HexNAc	Fucose	Neu5Ac	Neu5Gc	Sulf	Glycan_Mean_Relative_Abundance	Glycan_Standard_Deviation_Relative_Abundance	Glycan_Median_Relative_Abundance	Glycan_Median_Absolute_Deviation_Relative_Abundance	Glycan_Size	G1-1	G1-2	G1-3	G1-4	G1-5	G1-6	G1-7	G1-8	G2-1	G2-2	G2-3	G2-4	G2-5	G2-6	G2-7	G2-8
001	Gal(β1-3)GalNAcol	Gal(b1-3)GalNAc	384.1	-1	384.1	O-glycan	NA	1	1	0	0	0	0	0.23777375283483615	0.0347599865777753	0.2417026812613271	0.03341842791379332	2	0.2429592935761743	0.2082666874176648	0.2235288153911079	0.2458926516123501	0.2970721810317853	0.1807477185862427	0.2489269837707002	0.3060044012250449	0.2708216933729498	0.2404460689464799	0.1890563645373927	0.2365829657306107	0.2462002651992803	0.2498181962480574	0.2147957054833697	0.2032600532281675
002	GalOS(β1-3)GalNAcol	GalOS(b1-3)GalNAc	464.1	-1	464.1	O-glycan	NA	1	1	0	0	0	1	0.031560750821045175	0.07244748672794259	0.013373650508632519	0.009868367003302594	2	0.007172373047577073	0.01226687550900004	0.017346294431475	0.004030472609438979	0.006302306838519463	0.01203947979454532	0.005053644526641384	0.005923085308000351	0.00475593421385117	0.03316148817275891	0.02995970305599242	0.01961455154822214	0.3013102424435224	0.014480425508265	0.01466025466478892	0.01689488146412425
003	Gal(β1-3)[Fuc(-)]GalNAcol	Gal(b1-3)[Fuc(a1-?)]GalNAc	530.2	-1	530.2	O-glycan	NA	1	1	1	0	0	0	0.15684662148026887	0.022407600625000558	0.1528805865052538	0.022539888222425666	3	0.1408199344376465	0.1833201336196164	0.1827162621902576	0.2029309491733083	0.1607002267224685	0.1428611023752638	0.1405953898814278	0.1698628984326051	0.1810955925936647	0.1343146682068062	0.1567860414376475	0.13154290731298449	0.1419108895851133	0.1489751315728601	0.1248096489134061	0.1663041672292254
004	Fuc(α1-2)Gal(β1-3)GalNAcol	Fuc(a1-2)Gal(b1-3)GalNAc	530.2	-1	530.2	O-glycan	NA	1	1	1	0	0	0	1.5266939758980256	0.331892655477557	1.474750051234773	0.3136861695866224	3	1.811925308472284	1.782674626078755	1.249882040392409	1.189128389943041	1.395655211446857	1.654730779801507	1.410925866221911	1.459425322778767	1.015629021790518	1.678675606478016	1.255518760954446	1.490074779690779	2.425317142050296	1.707860263093464	1.611116655013143	1.288563840162216
005	HexNAc(-)[Fuc(-)]GalNAcol	Fuc(a1-?)[HexNAc(?1-?)]GalNAc	571.2	-1	571.2	O-glycan	NA	0	2	1	0	0	0	0.07140619490312161	0.013799215869204887	0.07161156747264893	0.012104404167557476	3	0.09839174906647334	0.07955977499545869	0.06328809284644106	0.04738006278134198	0.05081131369562151	0.087160852636241265	0.0761065829970917	0.07854534688342067	0.07423096399684363	0.06608131536773208	0.06579137862740816	0.07961671036641607	0.06899217094845425	0.06020690466464101	0.05902113514092925	0.08731476343543111
006	Gal(β1-3)[GlcNAc(β1-6)]GalNAcol	Gal(b1-3)[GlcNAc(b1-6)]GalNAc	587.2	-1	587.2	O-glycan	NA	1	2	0	0	0	0	2.295119228322111	0.2980826123086777	2.232062521400205	0.3125692341503226	3	2.490588807802265	2.299771252389835	2.606396841442434	2.795675318255011	2.854120990687263	1.920940397679752	2.061599386801475	2.437610964520195	2.518410294673203	2.044985623221526	2.389276294152799	2.164353790410575	1.980592707654436	2.016401275973862	2.02607364656441	2.11511006092474
007	Gal(β1-3)[GlcNAcOS(β1-6)]GalNAcol	Gal(b1-3)[GlcNAcOS(b1-6)]GalNAc	667.2	-1	667.2	O-glycan	NA	1	2	0	0	0	1	0.19637104696749422	0.161727832838848	0.14322070281364696	0.07248151017930093	3	0.1574850780817152	0.1845421758815532	0.07961615938123935	0.0837477221948318	0.1356790283823554	0.1225978353862852	0.1042972645992676	0.05689238039368318	0.1397374229572112	0.4027108039186454	0.08974019673464309	0.2509177104077553	0.299367299051173	0.7003852770071282	0.1875164144323376	0.1467039826700827
008	Gal(β1-3)[Neu5Ac(α2-6)]GalNAcol	Gal(b1-3)[Neu5Ac(a2-6)]GalNAc	675.2	-1	675.2	O-glycan	NA	1	1	0	1	0	0	0.30519869589141085	0.19382384102662345	0.22991584732486514	0.09923127227074938	3	0.1750390678164623	0.2968790451812831	0.2806189251716554	0.1603568913250844	0.2156414584124802	0.2025090838277692	0.1454422961606426	0.16301789278583	0.2441902362372501	0.7988741353011425	0.1663348617008069	0.363865470347913	0.3134160951899114	0.6511203351562758	0.5348273749189528	0.1710459647291143
009	Neu5Ac(α2-3)Gal(β1-3)GalNAcol	Neu5Ac(a2-3)Gal(b1-3)GalNAc	675.2	-1	675.2	O-glycan	NA	1	1	0	1	0	0	0.6175995076769323	0.47494651954177247	0.38400163417950567	0.24637269967005232	3	0.2666855062619937	0.7316983057434256	0.5987582819612416	0.317575074295992	0.316249370123332	0.4504281940630193	0.2543558560277373	0.2706017055752304	0.1812951937017687	1.581677260400164	0.2940951838533576	0.7851053663156572	0.6301910582426119	1.62700269503137	1.265623235957101	0.3102498352769135
010	Gal(β1-3)[Neu5Gc(α2-6)]GalNAcol	Gal(b1-3)[Neu5Gc(a2-6)]GalNAc	691.2	-1	691.2	O-glycan	NA	1	1	0	0	1	0	0.03425402633939352	0.02047492316392384	0.0264048199920681	0.013722940863438029	3	0.02438480274476264	0.04200886862512351	0.03362542687710746	0.02005104579938869	0.01763759773226078	0.02481835501448401	0.02072676713277424	0.02799128496965219	0.01666004864140998	0.07995068564106184	0.01587295453302775	0.0343195744530427	0.03853812383719817	0.07109836156567453	0.06426716821284609	0.01611335565048172
011	Neu5Gc(α2-3)Gal(β1-3)GalNAcol	Neu5Gc(a2-3)Gal(b1-3)GalNAc	691.2	-1	691.2	O-glycan	NA	1	1	0	0	1	0	0.3085784391374212	0.2550586398520296	0.177646367507311	0.12337827016321407	3	0.1434170745927787	0.3223278738352365	0.2772951659701784	0.1095645435591766	0.1185080640036082	0.1843061316390757	0.1428486955639715	0.1545263383547394	0.07411559273842377	0.8453126616159392	0.1709866033755463	0.2759995498497662	0.448746411424562	0.7431302311552145	0.7678194746219311	0.1583506138985914
012	Gal(β1-4)GlcNAc(β1-3)[Fuc(-)]GalNAcol	Gal(b1-4)GlcNAc(b1-3)[Fuc(a1-?)]GalNAc	733.3	-1	733.3	O-glycan	NA	1	2	1	0	0	0	0.09521982142524009	0.03004411831973963	0.09846402777861557	0.032094756265578374	4	0.07069435741227094	0.1310419051183153	0.1006383129521829	0.1216277577901883	0.07833252473261597	0.1072257652664182	0.04184218108781615	0.08679534361420188	0.1099451034232008	0.1081734095498583	0.07427613234374489	0.06038167434518453	0.09628974260504826	0.1574407918775707	0.1177049342405642	0.06110720644466015
013	Fuc(α1-2)Gal(β1-3)[GlcNAc(β1-6)]GalNAcol	Fuc(a1-2)Gal(b1-3)[GlcNAc(b1-6)]GalNAc	733.3	-1	733.3	O-glycan	NA	1	2	1	0	0	0	1.1803619166404677	0.2442430657948591	1.2206103595560651	0.2866798969335105	4	1.572750793489753	1.187156814030044	1.399413073568935	1.423568865882143	1.416519475480066	1.011114802063502	1.336922375539819	1.260321307709721	0.860774679733174	0.8232480264421466	1.38264838216152	1.248126346811565	1.029793592661355	0.7520551716058538	0.9882825867673223	1.193094372300565
014	Gal(β1-3)[Gal(β1-4)GlcNAc(β1-6)]GalNAcol	Gal(b1-4)GlcNAc(b1-6)[Gal(b1-3)]GalNAc	749.3	-1	749.3	O-glycan	NA	2	2	0	0	0	0	3.278030633034894	0.5895881824385506	3.309673931039643	0.7525773972461755	4	3.539792902129622	3.083902183872043	3.29903645871643	3.612822002281414	3.955337675794796	2.787945606754809	3.967364960470916	3.996089705343753	4.318069231725667	2.431922259339242	3.364136282047609	2.816189254857492	2.914238883159504	2.465276572257297	2.576054746444855	3.320311403362856
015	Gal(β1-3)[GalNAc(β1-4)GlcNAc(β1-6)]GalNAcol	GalNAc(b1-4)GlcNAc(b1-6)[Gal(b1-3)]GalNAc	790.3	-1	790.3	O-glycan	NA	1	3	0	0	0	0	1.992647258035154	0.2798786598968157	1.954950889498513	0.2550040502865375	4	2.247224302772162	2.0941389894426	1.810436563769731	1.897463409451227	1.967422334267331	2.218489832068207	1.956798910419886	2.094440221965184	2.73511008010187	1.95310286857714	1.624605697772143	1.755469464132546	1.735672677269502	2.242557187108523	1.889421874928627	1.660001714515785
016	Fuc(α1-2)Gal(β1-3)[Neu5Ac(α2-6)]GalNAcol	Fuc(a1-2)Gal(b1-3)[Neu5Ac(a2-6)]GalNAc	821.3	-1	821.3	O-glycan	NA	1	1	1	1	0	0	0.23803484697981986	0.11359750505901875	0.19482042286524975	0.10894482090639712	4	0.2003093879345783	0.3753010827754114	0.1893314577959212	0.1411210560604091	0.1450987287741805	0.3218126576914258	0.1217320249036283	0.1463569856181128	0.09475941489801856	0.3753795254495597	0.1564092109479395	0.2686965748920232	0.2715269290216307	0.457939839817577	0.3837519439814926	0.159030731115209
017	Neu5Ac(α2-3)[GalNAc(β1-4)]Gal(β1-3)GalNAcol	Neu5Ac(a2-3)[GalNAc(b1-4)]Gal(b1-3)GalNAc	878.3	-1	878.3	O-glycan	NA	1	2	0	1	0	0	0.38612693227968986	0.13760414858287126	0.35642071488750393	0.07970781830155182	4	0.325753480904767	0.3059755068634739	0.3162370956158941	0.3905449586882366	0.4395276081362969	0.36605705023996993	0.1916641079866224	0.356612991024209	0.3562284387507989	0.7014059397204333	0.2601530508822236	0.4134998806683462	0.3153950876697166	0.5851404777455569	0.6033521730209512	0.2504830685575409
018	GlcNAc(α1-4)Gal(β1-3)[Neu5Ac(α2-6)]GalNAcol	GlcNAc(a1-4)Gal(b1-3)[Neu5Ac(a2-6)]GalNAc	878.3	-1	878.3	O-glycan	NA	1	2	0	1	0	0	0.18828844126448382	0.10843474642874067	0.16065504021022745	0.05377562558218442	4	0.09911773015444253	0.1939439076338247	0.1904652272813036	0.123451882380493	0.1549303949156789	0.1253158729594487	0.08720088269042565	0.1340751981720929	0.166379685504776	0.4919589925375168	0.1147926053784169	0.1847540263969403	0.1719876081882089	0.3225242720791159	0.341455786441589	0.1102609875174674
019	Neu5Ac(α2-3)Gal(β1-3)[GlcNAc(β1-6)]GalNAcol	Neu5Ac(a2-3)Gal(b1-3)[GlcNAc(b1-6)]GalNAc	878.3	-1	878.3	O-glycan	NA	1	2	0	1	0	0	0.03409027802001169	0.04044445380645786	0.029307870251089482	0.0259293924302182	4	0	0.02702419747376462	0.09129707911614125	0	0.1553472145796148	0	0.01809043383245829	0.02390506626280188	0.04866277486684101	0.03525134989086631	0	0.04493123682138706	0.03564503851008925	0.03159154302841435	0	0.03369851393780823
020	Gal(β1-3)[Gal(β1-4)[Fuc(α1-3)]GlcNAc(β1-6)]GalNAcol	Fuc(a1-3)[Gal(b1-4)]GlcNAc(b1-6)[Gal(b1-3)]GalNAc	895.3	-1	895.3	O-glycan	NA	2	2	1	0	0	0	0.05898006465640245	0.007451311501465251	0.059656854589280384	0.007411952315507038	5	0.05895186188223513	0.06254459780360405	0.06036184729632563	0.06911177359801089	0.06283359276215213	0.0716622351947587	0.05335070257202289	0.04985225718606213	0.04873172119959692	0.05343643078257912	0.05771565069063096	0.06625797846670493	0.06318478546668131	0.04505812617323349	0.05719245595228051	0.06343501747556042
021	Fuc(α1-2)Gal(β1-4)GlcNAc(β1-3)Gal(β1-3)GalNAcol	Fuc(a1-2)Gal(b1-4)GlcNAc(b1-3)Gal(b1-3)GalNAc	895.3	-1	895.3	O-glycan	NA	2	2	1	0	0	0	4.275405229762157	0.8483166180893633	4.414554700613635	0.6811110794762588	5	5.198006759354135	4.454652445381106	4.500291212399174	4.757275994699986	4.389931596073743	4.13327002521169	5.333582279041091	4.425463937926103	3.626260887167472	2.837992823688084	5.4848985564779	4.403645463301168	4.110880375989036	2.718164491357382	3.041527163031426	4.990639665095015
022	Fuc(α1-2)Gal(β1-3)[Gal(β1-4)GlcNAc(β1-6)]GalNAcol	Fuc(a1-2)Gal(b1-3)[Gal(b1-4)GlcNAc(b1-6)]GalNAc	895.3	-1	895.3	O-glycan	NA	2	2	1	0	0	0	3.7817507650117066	0.5666740079317579	3.8168730222765905	0.5042001178499359	5	4.50306949288495	4.375576323789578	3.743408530980102	4.044666626968247	3.852431846023949	3.577275268489545	4.618667133943237	4.535759179632938	3.422470315392603	2.815090215489849	3.953857229026052	3.531119088326994	3.808733603191785	2.858818180591193	3.042056764094886	3.825012441361396
023	Gal(β1-3)[Gal(α1-3)Gal(β1-4)GlcNAc(β1-6)]GalNAcol	Gal(a1-3)Gal(b1-4)GlcNAc(b1-6)[Gal(b1-3)]GalNAc	911.3	-1	911.3	O-glycan	NA	3	2	0	0	0	0	0.44828027399880077	0.05850263224787476	0.4619015918777626	0.06428260939420843	5	0.4095847082101026	0.5448723999836026	0.4657025063235005	0.4534625301370947	0.4630600628748413	0.3668200181727601	0.4607431208806839	0.5015580825842179	0.4060751521288057	0.3774114464029274	0.5015491500641533	0.4080388515805249	0.502459477601899	0.5080597582165001	0.3375345398943022	0.465552578924896
024	Fuc(α1-2)Gal(β1-3)[GalNAc(β1-4)GlcNAc(β1-6)]GalNAcol	Fuc(a1-2)Gal(b1-3)[GalNAc(b1-4)GlcNAc(b1-6)]GalNAc	936.4	-1	936.4	O-glycan	NA	1	3	1	0	0	0	3.3531177504173417	0.9643743998566562	3.4317503457903262	0.9153479328941883	5	5.030802706513346	4.02161468915259	1.959579306143335	1.492476663031523	2.18912670148909	4.314011155617802	4.493239070256036	3.244068331649244	2.820548307530903	4.055335752417168	2.637689437296738	3.502955247504085	3.793713103615215	3.360545444076568	3.059468079323119	3.674710011060708
025	GlcNAc(α1-4)Gal(β1-3)[Gal(β1-4)GlcNAc(β1-6)]GalNAcol	GlcNAc(a1-4)Gal(b1-3)[Gal(b1-4)GlcNAc(b1-6)]GalNAc	952.4	-1	952.4	O-glycan	NA	2	3	0	0	0	0	2.738490782613644	0.6774168757508127	2.822797659767547	0.6395467504175864	5	2.068320899758091	3.082807835685691	2.5792590260576	2.97097726901467	2.975754160558027	2.920942310546164	1.883844419529258	2.72465300898893	3.921565458490903	3.188559017496341	2.079026936695759	1.930144024191095	2.475100942667031	3.918664980798919	3.319773048858645	1.776459182481181
026	Neu5Ac(α2-3)Gal(β1-3)[Neu5Ac(α2-6)]GalNAcol	Neu5Ac(a2-3)Gal(b1-3)[Neu5Ac(a2-6)]GalNAc	966.3	-1	966.3	O-glycan	NA	1	1	0	2	0	0	0.9196942411288935	0.7366750476629159	0.5643903024412682	0.3685602263403595	4	0.4966448998477259	0.9508969473409086	0.9107721225616625	0.3837115804945785	0.3500420123980613	0.5895079075552468	0.4563263217577578	0.4493804750191108	0.276040451034109	2.353238681629505	0.5392726973272897	0.8472229463524111	0.9635371374638706	2.468554254426665	2.185596993577687	0.4943624292757061
027	Neu5Ac(α2-3)Gal(β1-3)[Neu5Gc(α2-6)]GalNAcol	Neu5Ac(a2-3)Gal(b1-3)[Neu5Gc(a2-6)]GalNAc	982.3	-1	982.3	O-glycan	NA	1	1	0	1	1	0	0.7594347520400132	0.6225069877768363	0.4485122420712584	0.26619709204579467	4	0.3715559184212792	0.7787543492243766	0.6777281965397215	0.2898922380736624	0.2912638526333948	0.4856028189164884	0.3802070028076023	0.3983815137890594	0.2480372884999961	1.910932600529775	0.4114216652260284	0.726483822083781	0.8106028408194237	2.020772163374005	1.955148908715806	0.3941708529858119
028	Neu5Gc(α2-3)Gal(β1-3)[Neu5Gc(α2-6)]GalNAcol	Neu5Gc(a2-3)Gal(b1-3)[Neu5Gc(a2-6)]GalNAc	998.3	-1	998.3	O-glycan	NA	1	1	0	0	2	0	0.3678062396213389	0.3121952663541103	0.21393602376225868	0.13568316158490587	4	0.1670876455645923	0.3953923754211368	0.301923456060448	0.1188893786492705	0.1381250143037308	0.2319543009295953	0.1765276866224858	0.1767381323897197	0.09620779763258833	0.9836626393532388	0.1959177465949221	0.3470876573112994	0.4659288043923479	0.9235857840640981	0.9805758727827031	0.1852955418692454
029	Neu5Ac(α2-3)Gal(β1-3)[Gal(β1-4)GlcNAc(β1-6)]GalNAcol	Neu5Ac(a2-3)Gal(b1-3)[Gal(b1-4)GlcNAc(b1-6)]GalNAc	1040.4	-1	1040.4	O-glycan	NA	2	2	0	1	0	0	0.11324877412096374	0.06028379695687375	0.1029703592901636	0.048667865005310874	5	0.1596193550043216	0.0794998108611647	0.1793989076334	0.05636988601991303	0.2835901011542852	0.1053227302497212	0.0491185355958323	0.064575236855015275	0.1624415599576209	0.1237465251090764	0.07153548221679111	0.1172666452532285	0.100617988330606	0.1170145518909751	0.07310988389900552	0.068753185904463
030	Gal(β1-3)[Neu5Ac(α2-3)Gal(β1-4)GlcNAc(β1-6)]GalNAcol	Neu5Ac(a2-3)Gal(b1-4)GlcNAc(b1-6)[Gal(b1-3)]GalNAc	1040.4	-1	1040.4	O-glycan	NA	2	2	0	1	0	0	0.34847355473274133	0.24306643276647658	0.27116569990789624	0.20361670333132992	5	0.1320115401695701	0.3320980273165609	0.2689061556866202	0.05407146100044798	0.2577465114805857	0.2734252441291723	0.1495545503985698	0.1332422647647974	0.1344139653068565	0.7111883003687771	0.2393723041883906	0.4244227559338981	0.8637389884456177	0.7642585938985652	0.4578014603259106	0.3793247523095212
031	Fuc(α1-2)Gal(β1-3)[Fuc(α1-2)Gal(β1-4)GlcNAc(β1-6)]GalNAcol	Fuc(a1-2)Gal(b1-4)GlcNAc(b1-6)[Fuc(a1-2)Gal(b1-3)]GalNAc	1041.4	-1	1041.4	O-glycan	NA	2	2	2	0	0	0	8.981962235870435	1.6010906480491354	8.829638002373693	1.3138503002967168	6	12.05956553285969	11.05468101465138	8.531418252323231	8.28433747526528	7.256820803126835	10.69912690672269	9.462218992538189	8.488678193813703	5.908244368255099	7.428256066889571	10.7663822387688	9.242333587770537	9.127857752424156	7.842136153437192	8.044780077538825	9.514558357541784
032	Gal(α1-3)Gal(β1-3)[Fuc(α1-2)Gal(β1-4)GlcNAc(β1-6)]GalNAcol	Fuc(a1-2)Gal(b1-4)GlcNAc(b1-6)[Gal(a1-3)Gal(b1-3)]GalNAc	1057.4	-1	1057.4	O-glycan	528.2[2-]	3	2	1	0	0	0	0.23027461347690018	0.11058321611253498	0.2631611528287206	0.09202419680939901	6	0.2994906741082607	0.345753916605645	0.3748477575457662	0.003882462266918767	0.2502512924598955	0.2760710131975457	0.3143038316600709	0.1906316288364297	0.004758952365235283	0.1751871097246805	0.241490071677395	0.3058551386034726	0.2831640272017115	0.1586300200090336	0.1453053497395219	0.3147705696288201
033	Fuc(α1-2)Gal(β1-3)[Gal(α1-3)Gal(β1-4)GlcNAc(β1-6)]GalNAcol	Gal(a1-3)Gal(b1-4)GlcNAc(b1-6)[Fuc(a1-2)Gal(b1-3)]GalNAc	1057.4	-1	1057.4	O-glycan	528.2[2-]	3	2	1	0	0	0	0.3409053160411364	0.30501276490314255	0.3952166778471836	0.4443447846743299	6	0.493103832310219	0.8733765322896986	0	0.005075597328481437	0.006111970711797971	0.5862257986479941	0.005864339704473558	0	0.2248128595655426	0.3973869222430516	0.00870015798174573	0.5680061844790192	0.715369911004446	0.50292816968157	0.3930464334513157	0.6744763472588271
034	Gal(-)[Fuc(-)]GlcNAc(-)Gal(β1-3)[GlcNAc(β1-6)]GalNAcol	Fuc(a1-?)[Gal(?1-?)]GlcNAc(?1-?)Gal(b1-3)[GlcNAc(b1-6)]GalNAc	1098.4	-1	1098.4	O-glycan	548.7[2-]	2	3	1	0	0	0	0.08432264965473163	0.06437090989249708	0.08708644567671753	0.06320642622033802	6	0.1228671684899543	0.08576712315608413	0.1162109426703352	0.2009609591406739	0.1034626478022221	8.670824646088803e-4	0.08840576819735092	0	0.001206447064907464	0.02489970544857167	0.1971840671496827	0.1281736033740688	0.0548001365086702	0.04290930252375445	0.04702963180801669	0.1344178086768047
035	Fuc(α1-2)Gal(β1-4)GlcNAc(-)Gal(-)GlcNAc(β1-3)GalNAcol	Fuc(a1-2)Gal(b1-4)GlcNAc(?1-?)Gal(?1-?)GlcNAc(b1-3)GalNAc	1098.4	-1	1098.4	O-glycan	548.7[2-]	2	3	1	0	0	0	0.46270411308093046	0.14000906028481375	0.4785584646235844	0.1371290542353155	6	0.5518834348490047	0.3791770987700698	0.5732003207420516	0.558262782897564	0.5567041624078815	0.3882157608670813	0.6804774573859939	0.6951440473052293	0.4904691469744993	0.2859562227839559	0.4453546465594488	0.4979443016419891	0.3260469338263033	0.2186835133233008	0.2890981966878446	0.4666477822726696
036	GlcNAc(α1-4)Gal(β1-3)[Fuc(α1-2)Gal(β1-4)GlcNAc(β1-6)]GalNAcol	Fuc(a1-2)Gal(b1-4)GlcNAc(b1-6)[GlcNAc(a1-4)Gal(b1-3)]GalNAc	1098.4	-1	1098.4	O-glycan	548.7[2-]	2	3	1	0	0	0	0.5180787299504089	0.09337570809399913	0.5272146165478584	0.09325306255687162	6	0.5255706860248139	0.5838975861940482	0.5499930454207299	0.5407134253248184	0.6490611662210324	0.5891570440802927	0.5113642097614988	0.5288585470709027	0.6432470282200118	0.34614212835849423	0.6262394966901244	0.4633603861052871	0.4323086861700164	0.4095622912642006	0.3651130380797494	0.5246709142205225
037	Fuc(α1-2)Gal(β1-3)[GlcNAc(α1-4)Gal(β1-4)GlcNAc(β1-6)]GalNAcol	GlcNAc(a1-4)Gal(b1-4)GlcNAc(b1-6)[Fuc(a1-2)Gal(b1-3)]GalNAc	1098.4	-1	1098.4	O-glycan	548.7[2-]	2	3	1	0	0	0	0.19533921460926346	0.045080725026973335	0.19722474048835625	0.04421925628856603	6	0.1969394791333465	0.2435066240499587	0.2087221178497978	0.2157883569678561	0.2604413940708025	0.183754206607347	0.2334963869845665	0.197510001843366	0.1738454274694363	0.1133366020004258	0.2743203731673857	0.190929932970682	0.1417308798857926	0.1428361574900928	0.1444918847906276	0.2037776084667313
038	Gal(-)GlcNAc(β1-3)Gal(β1-3)[Gal(β1-4)GlcNAc(β1-6)]GalNAcol	Gal(?1-?)GlcNAc(b1-3)Gal(b1-3)[Gal(b1-4)GlcNAc(b1-6)]GalNAc	1114.4	-1	1114.4	O-glycan	556.7[2-]	3	3	0	0	0	0	0.8973783450392855	0.34943687521033223	0.8076399788061905	0.19930680871395923	6	0.6959036717618111	0.9434548428334164	0.809288147929995	0.8600280969736381	0.9539777433280753	0.7291795715844868	1.006546586264663	1.325680888209875	1.999407352430006	0.7822232691435664	0.5342197655904533	0.6406013774721614	0.7343319575263316	0.9406863163356344	0.805991809682386	0.5965321235620676
039	HexNAc(-)Gal(β1-3)[HexNAc(-)Gal(β1-4)GlcNAc(β1-6)]GalNAcol	HexNAc(?1-?)Gal(b1-4)GlcNAc(b1-6)[HexNAc(?1-?)Gal(b1-3)]GalNAc	1155.4	-1	1155.4	O-glycan	577.2[2-], 1217.4 [1-]	2	4	0	0	0	0	3.4551361965693395	0.9030200908091703	3.3545874301868346	1.066804466145776	6	2.77321186496838	3.952999456528126	3.330278302967148	4.158828843035431	3.378896557406521	4.131508501510393	2.110875129989352	3.288275745817185	4.513844303273906	3.879904178261255	2.692408992343017	2.360655940607602	3.296156762551713	5.171110710469537	4.225377126596937	2.017846728782929
040	Neu5Ac(α2-3)Gal(β1-3)[Fuc(α1-2)Gal(β1-4)GlcNAc(β1-6)]GalNAcol	Fuc(a1-2)Gal(b1-4)GlcNAc(b1-6)[Neu5Ac(a2-3)Gal(b1-3)]GalNAc	1186.4	-1	1186.4	O-glycan	592.7[2-]	2	2	1	1	0	0	0.15752110104968986	0.19071912835589447	0.12730188116604066	0.14909420105829313	6	0.004391836690481771	0.1431964340056707	0.4941587591223642	0.003654070300436097	0.6870859143700381	0.005077808158173509	0.06568536762055369	0.1425984098379635	0.005965822991825964	0.1430313073759048	0	0.2747427617062089	0.2070911448025546	0.1120053524941178	0.07787797502075008	0.153774652297994
041	Fuc(α1-2)Gal(β1-3)[Neu5Ac(α2-3)Gal(β1-4)GlcNAc(β1-6)]GalNAcol	Neu5Ac(a2-3)Gal(b1-4)GlcNAc(b1-6)[Fuc(a1-2)Gal(b1-3)]GalNAc	1186.4	-1	1186.4	O-glycan	592.7[2-]	2	2	1	1	0	0	0.6186571560434144	0.6118221707385643	0.5087287681157886	0.4121154835563035	6	0.3734573006918357	0.5471891111787066	0.8616665906700418	0.188567375244975	1.677001475356632	0.02415780585161349	0.006064516336551174	0.2729539899946914	0.005153914337450409	0.5065711068763417	0.5950185049170119	0.5108864293552356	2.261917873589427	0.6284835937598364	0.3915494153392637	1.047875493195017
042	Gal(α1-3)[Fuc(α1-2)]Gal(β1-3)[Fuc(α1-2)Gal(β1-3)GlcNAc(β1-6)]GalNAcol	Fuc(a1-2)Gal(b1-3)GlcNAc(b1-6)[Fuc(a1-2)[Gal(a1-3)]Gal(b1-3)]GalNAc	1203.4	-1	1203.4	O-glycan	601.2[2-]	3	2	2	0	0	0	0.18438978677594267	0.08931983147853881	0.13904455425756945	0.0698936046182888	7	0.1935878396400407	0.2445882933497285	0.2115044492562272	0.2954375186928049	0.1299593405928952	0.1258233559838573	0.1234001653409195	0.1400428365049983	0.07693401962670449	0.09930265871694775	0.4044865183849077	0.2356797896513316	0.1380462720101406	0.1255058745017862	0.1173798824914176	0.2885577736703754
043	Gal(α1-3)[Fuc(α1-2)]Gal(β1-3)[Fuc(α1-2)Gal(β1-4)GlcNAc(β1-6)]GalNAcol	Fuc(a1-2)Gal(b1-4)GlcNAc(b1-6)[Fuc(a1-2)[Gal(a1-3)]Gal(b1-3)]GalNAc	1203.4	-1	1203.4	O-glycan	601.2[2-]	3	2	2	0	0	0	0.3320155751697694	0.4738512835028864	0.02446031804423976	0.008835233710717986	7	0.02010281779970415	0.02259182317245847	0.02746172335785159	0.02436669338569673	0.01684738971764758	0.02054420467604019	0.01689925129738459	0.02020206813222471	0.07718400085435989	0.9483103116547884	0.02419351996705563	1.129400888113734	1.187293681437935	0.8517540393113547	0.9005428471352913	0.02455394270278279
044	Man(α1-3)[Man(α1-3)[Man(α1-6)]Man(α1-6)]Man(β1-4)GlcNAc(β1-4)GlcNAcol	Man(a1-3)[Man(a1-6)]Man(a1-6)[Man(a1-3)]Man(b1-4)GlcNAc(b1-4)GlcNAc	1235.4	-1	1235.4	N-glycan	617.2(2-)	5	2	0	0	0	0	0.6955895522213792	0.5027477127359116	0.46369696182408127	0.171093388514004	7	0.3499371184806268	0.6585490278007343	0.506042139391577	0.3466549860470663	0.3385382657018435	0.4643601702718352	0.3602099252216779	0.4630337533763274	0.3608634471245633	1.73288723977974	0.4257367251182103	0.6573695273975084	0.7981508037128916	1.576814505025293	1.70526500120094	0.3850201998912316
045	Gal(β1-3)[Fuc(α1-2)Gal(β1-4)GlcNAc(β1-3)Gal(β1-4)GlcNAc(β1-6)]GalNAcol	Fuc(a1-2)Gal(b1-4)GlcNAc(b1-3)Gal(b1-4)GlcNAc(b1-6)[Gal(b1-3)]GalNAc	1260.4	-1	1260.4	O-glycan	629.7[2-]	3	3	1	0	0	0	0.17915288253340161	0.11381485627061284	0.19645422537350266	0.11720470100539815	7	0.2184421087903532	0.2478370813337234	0.2303049239425893	0.3702151385169651	0.1856205628891687	0.109957634765389	0.2072878878578366	0	0.006384715343855662	0.06675788061778207	0.3928367834408755	0.2188601750988662	0.1406549150011038	0.1077679365422591	0.09545376603755258	0.2680646103561055
046	Gal(-)GlcNAc(β1-3)Gal(β1-3)[Fuc(α1-2)Gal(β1-4)GlcNAc(β1-6)]GalNAcol	Gal(?1-?)GlcNAc(b1-3)Gal(b1-3)[Fuc(a1-2)Gal(b1-4)GlcNAc(b1-6)]GalNAc	1260.4	-1	1260.4	O-glycan	629.7[2-]	3	3	1	0	0	0	1.13649745892651	0.41597496851077287	1.012629518002833	0.42134075031189633	7	1.199492605404596	0.9530162297296016	1.245019879594993	1.421367077636377	1.348620041763292	0.9367766780341624	1.634322081037644	1.956088070472235	1.814493073092159	0.6162618867593825	0.9915147021261425	0.9972338493849563	0.8571233013541726	0.5303617206231424	0.654242959190593	1.02802518662071
047	Fuc(α1-2)Gal(β1-4)GlcNAc(β1-3)Gal(β1-3)[HexNAc(-)GlcNAc(β1-6)]GalNAcol	Fuc(a1-2)Gal(b1-4)GlcNAc(b1-3)Gal(b1-3)[HexNAc(?1-?)GlcNAc(b1-6)]GalNAc	1301.5	-1	1301.5	O-glycan	650.2[2-]	2	4	1	0	0	0	0.8781763583541916	0.2347782841456238	0.9582370903696411	0.1941514594560349	7	1.085130418813942	0.6610042645546224	1.055398341416516	0.9914346410219146	1.05117448788576	0.8232236881299612	1.223609661770771	1.10771076439688	1.00612196026126	0.6032074690255526	0.8697211741228543	1.036382344507898	0.6123499320870027	0.42504908284885	0.574263963105913	0.9250395397173677
048	HexNAc(-)Gal(β1-3)[Gal(β1-?)GlcNAc(β1-3)Gal(β1-4)GlcNAc(β1-6)]GalNAcol	Gal(b1-?)GlcNAc(b1-3)Gal(b1-4)GlcNAc(b1-6)[HexNAc(?1-?)Gal(b1-3)]GalNAc	1317.4	-1	1317.4	O-glycan	658.2 [2-], 1379.5 [1-]	3	4	0	0	0	0	1.3879795279398346	0.4235253352507783	1.35199093498942	0.2632520340903083	7	1.066860777598734	1.360075864236062	1.337573847228581	1.413976879004283	1.561130142211695	1.343906005742778	1.214137493901501	1.651863718349871	2.679690837677437	1.434270243950719	0.8864992386748913	1.008307303457288	1.206008013397034	1.690595345347401	1.468952578136584	0.883824158122495
049	Man(α1-2)Man(α1-3)[Man(α1-3)[Man(α1-6)]Man(α1-6)]Man(β1-4)GlcNAc(β1-4)GlcNAcol	Man(a1-2)Man(a1-3)[Man(a1-3)[Man(a1-6)]Man(a1-6)]Man(b1-4)GlcNAc(b1-4)GlcNAc	698.2	-2	1397.5	N-glycan	1397.5(-1)	6	2	0	0	0	0	0.8578580519205536	0.6008159137850333	0.5665463901746982	0.20718208055363768	8	0.4887289622215119	0.9806628525355094	0.6658150663692834	0.4128840109195513	0.4407239717047167	0.5532160669002559	0.4885555744217193	0.5598809641509167	0.3647197628001028	2.245727737080704	0.5732118161984797	0.8512460864993467	0.8570915496379169	1.990398551282647	1.7818511724329	0.471014685573297
050	Fuc(α1-2)Gal(β1-3)GlcNAc(β1-3)[Fuc(α1-2)Gal(β1-4)GlcNAc(β1-6)]Gal(β1-3)GalNAcol	Fuc(a1-2)Gal(b1-3)GlcNAc(b1-3)[Fuc(a1-2)Gal(b1-4)GlcNAc(b1-6)]Gal(b1-3)GalNAc	702.8	-2	1406.5	O-glycan	1406.5[1-]	3	3	2	0	0	0	0.370723565785164	0.18316418392473835	0.3783000340864806	0.20414130088382945	8	0.4492076482803102	0.3438493723579802	0.4662535792540421	0.6822185319362079	0.4127506958149811	0.281681517651664	0.4766812293352728	0.2861340063411877	0.1042996753304599	0.176115713179309	0.6581549783394879	0.5440569187846661	0.1133155004688029	0.1801604691868515	0.2406571870770263	0.5160400292243749
051	Fuc(α1-2)Gal(β1-4)GlcNAc(β1-3)[Fuc(α1-2)Gal(β1-4)GlcNAc(β1-6)]Gal(β1-3)GalNAcol	Fuc(a1-2)Gal(b1-4)GlcNAc(b1-3)[Fuc(a1-2)Gal(b1-4)GlcNAc(b1-6)]Gal(b1-3)GalNAc	702.8	-2	1406.5	O-glycan	1406.5[1-]	3	3	2	0	0	0	1.605287796974397	0.47874962698663587	1.799108267317126	0.40174053100705925	8	1.788869507048893	0.8114647142179228	2.211825908853873	2.027206888589817	1.052152461786763	1.589051052192106	1.924653838642555	2.026645922627324	2.000631837091089	1.254249151396538	1.873809262570067	2.112950197787399	0.8461671536754065	1.020097577035413	1.335482250489828	1.809347027585359
052	GlcNAc(α1-4)Gal(β1-3)[Fuc(α1-2)Gal(β1-3)GlcNAc(β1-3)Gal(β1-4)GlcNAc(β1-6)]GalNAcol	Fuc(a1-2)Gal(b1-3)GlcNAc(b1-3)Gal(b1-4)GlcNAc(b1-6)[GlcNAc(a1-4)Gal(b1-3)]GalNAc	731.3	-2	1463.6	O-glycan	1463.6[1-]	3	4	1	0	0	0	0.1184563296939624	0.10980241606134207	0.09923816624419927	0.14557593182337597	8	0.1931504658900476	0.1540303710374634	0.1937509519783154	0.3062216512516999	0	0	0	0	0.03305381786628651	0	0.3084376747579115	0.1963792416341238	0.1101816651484648	0.08829466733993376	0.08633590044373571	0.2254648677554159
053	GlcNAc(α1-4)Gal(β1-3)[Fuc(α1-2)Gal(β1-4)GlcNAc(β1-3)Gal(β1-4)GlcNAc(β1-6)]GalNAcol	Fuc(a1-2)Gal(b1-4)GlcNAc(b1-3)Gal(b1-4)GlcNAc(b1-6)[GlcNAc(a1-4)Gal(b1-3)]GalNAc	731.3	-2	1463.6	O-glycan	1463.6[1-]	3	4	1	0	0	0	1.590774226702815	0.4090981678922275	1.4560040135854906	0.38165380408853034	8	1.578970209634698	1.23816399768869	1.974203109534458	2.021719749059326	2.228473784446615	1.251670900795691	1.92840566572405	2.189738077699381	2.057752332464985	1.213039001477411	1.451355864125019	1.429287586792985	1.184125097339961	0.996863562333097	1.247966525082713	1.460652163045962
054	Gal(-)GlcNAc(β1-3)[Gal(-)GlcNAc(β1-6)]Gal(β1-3)[Gal(-)GlcNAc(β1-6)]GalNAcol	Gal(?1-?)GlcNAc(b1-3)[Gal(?1-?)GlcNAc(b1-6)]Gal(b1-3)[Gal(?1-?)GlcNAc(b1-6)]GalNAc	739.3	-2	1479.5	O-glycan	1479.5[1-]	4	4	0	0	0	0	0.6316511137006503	0.27881979724117595	0.5600840353632064	0.10772622236600146	8	0.4779378790296511	0.5532485571901387	0.5368107443485329	0.5621074936729022	0.6723299693293782	0.5580605770535104	0.6275051789491034	0.7483196421550029	1.62517799897136	0.5819075864333229	0.4182648409959067	0.4821844958707256	0.5249843518933565	0.6822347428674601	0.5939985871568788	0.4613451732931743
055	HexNAc(-)Gal(β1-4)GlcNAc(β1-3)[GalNAc(α1-3)[Fuc(α1-2)]Gal(β1-4)GlcNAc(β1-6)]GalNAcol	HexNAc(?1-?)Gal(b1-4)GlcNAc(b1-3)[GalNAc(a1-3)[Fuc(a1-2)]Gal(b1-4)GlcNAc(b1-6)]GalNAc	751.8	-2	1504.6	O-glycan	1504.6[1-]	2	5	1	0	0	0	0.5202287811269972	0.1561851037212472	0.51885867981396006	0.19462577862967487	8	0.7279792857440515	0.3922763088415898	0.515689653980463	0.4704278609608927	0.5110342053740977	0.522027705647457	0.7761237559029343	0.654822887324896	0.6332655107253137	0.3739355258128509	0.5313177113614144	0.6857955694414354	0.3691127024779141	0.2159558350100346	0.3333950040755119	0.6105009753510988
056	GlcNAc(α1-4)Gal(-)GlcNAc(β1-3)Gal(β1-3)[GlcNAc(α1-4)Gal(β1-4)GlcNAc(β1-6)]GalNAcol	GlcNAc(a1-4)Gal(?1-?)GlcNAc(b1-3)Gal(b1-3)[GlcNAc(a1-4)Gal(b1-4)GlcNAc(b1-6)]GalNAc	759.8	-2	1520.6	O-glycan	1520.6[1-]	3	5	0	0	0	0	2.595293908661878	0.9251438653345675	2.5822602801028998	0.5382920604977138	8	1.900941087964304	2.573939798475358	2.379065462654278	2.681174155605512	2.738650592596759	2.917816394322478	1.728286228114187	2.590580761730441	5.400220632504841	2.925026472497051	1.60368203486116	1.85875603778155	2.290943349106136	3.398532227744568	2.965640129119397	1.571447173512029
057	Fuc(α1-2)Gal(β1-3)[Neu5Ac(α2-3)Gal(-)GlcNAc(-)Gal(-)GlcNAc(β1-6)]GalNAcol	Neu5Ac(a2-3)Gal(?1-?)GlcNAc(?1-?)Gal(?1-?)GlcNAc(b1-6)[Fuc(a1-2)Gal(b1-3)]GalNAc	775.3	-2	1551.6	O-glycan	1551.6[1-]	3	3	1	1	0	0	0.2514453569955676	0.14688737370302868	0.2946873801400953	0.1635590337831466	8	0.06453911422672752	0.4090569489060564	0.382946137732592	0.181051930602549	0.05923341984641861	0.07989348561394136	0.37859171450264	0.3770322564183179	0.04074594318739773	0.1586715927350178	0.4016900444338543	0.3636342752580107	0.3909655559088704	0.22574048502218	0.1223914785658287	0.3869413289686792
058	{Man(-)}Man(α1-2)Man(α1-3)[Man(α1-3)[Man(α1-6)]Man(α1-6)]Man(β1-4)GlcNAc(β1-4)GlcNAcol	{Man(?1-?)}Man(a1-2)Man(a1-3)[Man(a1-3)[Man(a1-6)]Man(a1-6)]Man(b1-4)GlcNAc(b1-4)GlcNAc	779.3	-2	1559.5	N-glycan	1559.5(-1)	7	2	0	0	0	0	0.34135977892394753	0.2477987234137845	0.21798291341360634	0.09094838369537875	9	0.1601623206601256	0.4010236086951626	0.2599106341503278	0.1555302508318292	0.1577478872116539	0.1953680580052993	0.1762812781805263	0.2096506897848576	0.1074760401795923	0.8352340408677476	0.2263151370423551	0.3566659997712257	0.4831257969183304	0.7926413380822221	0.7670545798041479	0.1775688025977574
059	Fuc(α1-2)Gal(β1-3)GlcNAc(β1-3)[Fuc(α1-2)Gal(β1-4)GlcNAc(β1-6)]Gal(β1-3)[GlcNAc(β1-6)]GalNAcol	Fuc(a1-2)Gal(b1-3)GlcNAc(b1-3)[Fuc(a1-2)Gal(b1-4)GlcNAc(b1-6)]Gal(b1-3)[GlcNAc(b1-6)]GalNAc	804.3	-2	1609.6	O-glycan	1609.6[-1]	3	4	2	0	0	0	0.014328596534508119	0.029750138196595388	0	0	9	0	0	0	0	0	0	0	0	0	0.05883155232130868	0.01615383203066723	0	0	0.05546868345319683	0.09880347674695715	0
060	Fuc(α1-2)Gal(β1-4)GlcNAc(β1-3)Gal(β1-3)[GalNAc(α1-3)[Fuc(α1-2)]Gal(β1-3)GlcNAc(β1-6)]GalNAcol	Fuc(a1-2)Gal(b1-4)GlcNAc(b1-3)Gal(b1-3)[GalNAc(a1-3)[Fuc(a1-2)]Gal(b1-3)GlcNAc(b1-6)]GalNAc	804.3	-2	1609.6	O-glycan	1609.6[-1]	3	4	2	0	0	0	1.384997839634887	0.5151535619505557	1.2855519306648084	0.6303372691563014	9	1.280166722486982	1.290937138842635	1.793393155981138	2.320343716179659	1.631840926688193	0.734593497655505	1.294021200109051	1.220968920077315	0.8144623185298673	0.9973975183529415	2.364656371120105	1.773322503300813	0.8400805934928229	0.8807099410375205	1.107357579348065	1.815713330955577
061	Fuc(α1-2)Gal(β1-4)GlcNAc(β1-3)[Fuc(α1-2)Gal(β1-4)GlcNAc(β1-6)]Gal(β1-3)[GlcNAc(β1-6)]GalNAcol	Fuc(a1-2)Gal(b1-4)GlcNAc(b1-3)[Fuc(a1-2)Gal(b1-4)GlcNAc(b1-6)]Gal(b1-3)[GlcNAc(b1-6)]GalNAc	804.3	-2	1609.6	O-glycan	1609.6[-1]	3	4	2	0	0	0	3.549266686354704	0.707974893258161	3.539190410626364	0.8524426607100966	9	3.836310458527441	2.570459909434637	4.562719475232669	4.030719659440649	4.280781656639356	3.445187766761303	3.533371695922081	3.545009125330647	3.403095448822208	2.831286192439268	4.39790053106931	4.291248211988894	2.880790264175444	2.122615686614586	3.091221192220824	3.965549707055942
062	Fuc(α1-2)Gal(-)GlcNAc(β1-3)Gal(β1-3)[Gal(β1-4)GlcNAc(β1-3)Gal(β1-?)GlcNAc(β1-6)]GalNAcol	Fuc(a1-2)Gal(?1-?)GlcNAc(b1-3)Gal(b1-3)[Gal(b1-4)GlcNAc(b1-3)Gal(b1-?)GlcNAc(b1-6)]GalNAc	812.3	-2	1625.6	O-glycan	1625.6[1-]	4	4	1	0	0	0	0.11411266056448847	0.15270160286802753	0.03026236301579317	0.04486697940721495	9	0	0.2985328117079022	0.03461687232074204	0.3688224818216606	0.0395164244318788	0.02060659094715995	0	0.0259078537108443	0.0151305218779629	0.0897695956342574	0.4375956792227549	0.02228524195750216	0.02097884430776251	0.1115162530167742	0	0.3405233980746136
063	Gal(-)GlcNAc(β1-3)Gal(β1-3)[Fuc(α1-2)Gal(β1-4)GlcNAc(β1-3)Gal(β1-?)GlcNAc(β1-6)]GalNAcol	Fuc(a1-2)Gal(b1-4)GlcNAc(b1-3)Gal(b1-?)GlcNAc(b1-6)[Gal(?1-?)GlcNAc(b1-3)Gal(b1-3)]GalNAc	812.3	-2	1625.6	O-glycan	1625.6[1-]	4	4	1	0	0	0	2.1383692230981777	0.4748160246006581	2.0492374649444596	0.5286287694164857	9	2.092961125429218	1.879862392405851	2.35834542455545	2.544572085971552	2.707223401700615	1.782024593146889	2.687060517805734	2.981388758181082	2.694116513029435	1.645234984225643	2.005513804459701	1.864152669366895	1.978770738504326	1.374471274126276	1.520633281623865	2.097576005038308
064	Fuc(α1-2)Gal(β1-4)GlcNAc(β1-3)Gal(-)GlcNAc(β1-3)Gal(β1-3)[GalNAc(β1-4)GlcNAc(β1-6)]GalNAcol	Fuc(a1-2)Gal(b1-4)GlcNAc(b1-3)Gal(?1-?)GlcNAc(b1-3)Gal(b1-3)[GalNAc(b1-4)GlcNAc(b1-6)]GalNAc	832.8	-2	1666.6	O-glycan	1666.6[1-]	3	5	1	0	0	0	1.8672297879641702	0.4690938954748333	1.7973918787978849	0.32091927756692923	9	2.326916842253101	1.617022424564061	1.62600121731503	1.544847158518112	1.887694893544636	1.938414958661757	2.560454907699227	2.396563639571476	2.838341017428553	1.466454923979835	1.682022906725893	1.941329309820307	1.707088864051134	1.115732550696851	1.270080585616365	1.956710406980385
065	{HexNAc(-)}Gal(-)GlcNAc(β1-3)[Gal(β1-4)GlcNAc(β1-3)]Gal(β1-3)[Gal(-)GlcNAc(β1-6)]GalNAcol	{HexNAc(?1-?)}Gal(?1-?)GlcNAc(b1-3)[Gal(b1-4)GlcNAc(b1-3)]Gal(b1-3)[Gal(?1-?)GlcNAc(b1-6)]GalNAc	840.8	-2	1682.6	O-glycan	1682.6[1-]	4	5	0	0	0	0	1.1820915741251374	0.3955348490304784	1.172867239700519	0.3917910506666583	9	0.7740088633466606	1.274354698491088	0.9777371632284636	1.173693242977313	1.174013678955878	1.386278584307258	0.7357154704639908	1.017954293969004	2.123834175391608	1.395216137809254	0.7891834590961138	0.8666972511686789	1.172041236423725	1.766874760272456	1.549502546926343	0.7363596231743642
066	{Man(-)}Man(α1-2)Man(α1-2)Man(α1-3)[Man(α1-3)[Man(α1-6)]Man(α1-6)]Man(β1-4)GlcNAc(β1-4)GlcNAcol	{Man(?1-?)}Man(a1-2)Man(a1-2)Man(a1-3)[Man(a1-3)[Man(a1-6)]Man(a1-6)]Man(b1-4)GlcNAc(b1-4)GlcNAc	860.3	-2	1721.6	N-glycan	1721.6(1-)	8	2	0	0	0	0	0.7653838922118477	0.4349848443791321	0.5890442913902936	0.28991668447920826	10	0.4615809007544002	0.915483158458409	0.5819028327274189	0.3526318573862581	0.4141816627522742	0.6136873174319282	0.5424598640406234	0.5538830963108098	0.2706205359717711	1.636683559473	0.5961857500531683	0.8052739121509094	0.9912054758520968	1.481580004777025	1.541849438557549	0.4869329086919221
067	GlcNAc(α1-4)Gal(β1-4)GlcNAc(β1-3)[GlcNAc(α1-4)Gal(β1-4)GlcNAc(β1-6)]Gal(β1-3)[GlcNAc(β1-6)]GalNAcol	GlcNAc(a1-4)Gal(b1-4)GlcNAc(b1-3)[GlcNAc(a1-4)Gal(b1-4)GlcNAc(b1-6)]Gal(b1-3)[GlcNAc(b1-6)]GalNAc	861.3	-2	1723.7	O-glycan	NA	3	6	0	0	0	0	0.7749519314503284	0.3145194007713936	0.7186977813941935	0.2298687936638774	9	0.5761967071330197	0.7093943876772557	0.6266242164321484	0.7457969770296324	0.7657330000132802	0.9914264866263945	0.4804582381118483	0.7280011751111313	1.746004572856986	0.8315967177380337	0.5421287350252522	0.5308648444714663	0.6996414630967279	1.088321554563376	0.8862854615696546	0.4507563657490462
068	Fuc(α1-2)Gal(-)GlcNAc(β1-3)[HexNAc(-)Gal(-)GlcNAc(β1-6)]Gal(β1-3)[GlcNAcOS(β1-6)]GalNAcol	Fuc(a1-2)Gal(?1-?)GlcNAc(b1-3)[HexNAc(?1-?)Gal(?1-?)GlcNAc(b1-6)]Gal(b1-3)[GlcNAcOS(b1-6)]GalNAc	872.8	-2	1746.6	O-glycan	NA	3	5	1	0	0	1	0.10151424743488492	0.07150959934632783	0.09532548708136042	0.05096874515434212	9	0.07643339081379365	0.1027909931960864	0.03573315444331309	0.05638057087588593	0.01874530530095006	0.06849819772620007	0.0974050503765162	0.04292187365552182	0.1359814736803473	0.09324592378620464	0.1444199929800128	0.0655145080293924	0.3273725048561397	0.1011368430677598	0.1021617202274642	0.1554864559425706
069	Fuc(α1-2)Gal(-)GlcNAc(β1-3)[Neu5Ac(-)Gal(-)GlcNAc(β1-6)]Gal(β1-3)[GlcNAc(β1-6)]GalNAcol	Fuc(a1-2)Gal(?1-?)GlcNAc(b1-3)[Neu5Ac(a2-?)Gal(?1-?)GlcNAc(b1-6)]Gal(b1-3)[GlcNAc(b1-6)]GalNAc	876.8	-2	1754.6	O-glycan	NA	3	4	1	1	0	0	0.022874103545815604	0.05565838143453079	0	0	9	0	0.004836365323855291	0	0	0.1352851651476742	0	0.00874781200140509	0.00756544778701753	0	0	0.01985071423893105	0	0.1897001522341665	0	0	0
070	Neu5Ac(-)Gal(-)GlcNAc(β1-3)[Fuc(α1-2)Gal(-)GlcNAc(β1-6)]Gal(β1-3)[GlcNAc(β1-6)]GalNAcol	Neu5Ac(a2-?)Gal(?1-?)GlcNAc(b1-3)[Fuc(a1-2)Gal(?1-?)GlcNAc(b1-6)]Gal(b1-3)[GlcNAc(b1-6)]GalNAc	876.8	-2	1754.6	O-glycan	NA	3	4	1	1	0	0	0.1328849863512952	0.23115169043248987	0.03435259916478206	0.033609492038007005	9	0.05357077039713742	0.04755438772553341	0	0	0.5214638365134627	0.06047301155310256	0.04273975604863364	0.03210295674787756	0.03660224158168657	0.0314666525205852	0	0	0.5438710984070178	0.02422642389964525	0.02418048830074856	0.7079081579252924
071	Fuc(α1-2)Gal(-)GlcNAc(β1-3)[Fuc(α1-2)]Gal(β1-3)[Gal(β1-4)GlcNAc(β1-3)Gal(β1-?)GlcNAc(β1-6)]GalNAcol	Fuc(a1-2)Gal(?1-?)GlcNAc(b1-3)[Fuc(a1-2)]Gal(b1-3)[Gal(b1-4)GlcNAc(b1-3)Gal(b1-?)GlcNAc(b1-6)]GalNAc	885.3	-2	1771.7	O-glycan	NA	4	4	2	0	0	0	0.39492075340674676	0.4467780310828061	0.040289786226641595	0.05973363705961882	10	0.7930660052914688	0.7033212548182853	0	0.9655990092835239	0.04070478174329604	1.040989328177654	0.9209979171319483	0.03987479070998715	0.03643755411623505	0	0.9074441978899472	0.02836618461027944	0.02196202214701306	0	0	0.8199690085883095
072	Fuc(α1-2)Gal(β1-4)GlcNAc(β1-3)Gal(β1-3)[Fuc(α1-2)Gal(β1-4)GlcNAc(β1-3)Gal(β1-?)GlcNAc(β1-6)]GalNAcol	Fuc(a1-2)Gal(b1-4)GlcNAc(b1-3)Gal(b1-?)GlcNAc(b1-6)[Fuc(a1-2)Gal(b1-4)GlcNAc(b1-3)Gal(b1-3)]GalNAc	885.3	-2	1771.7	O-glycan	NA	4	4	2	0	0	0	0.7669832576382104	0.47631044183539134	0.7167640764810482	0.5001765590209881	10	0.6818250856565802	0.7154165404439601	1.39396785671724	1.049045562245218	1.192197823648791	0	0.5585002627916632	0.03958784057855862	0	0.6337003839417299	1.324557212870042	1.463506520885192	1.059211525049791	0.7181116125181364	0.5151533018123824	0.9269505930520814
073	Gal(-)GlcNAc(β1-3)[Fuc(α1-2)Gal(β1-4)GlcNAc(β1-6)]Gal(β1-3)[Fuc(α1-2)Gal(-)GlcNAc(β1-6)]GalNAcol	Fuc(a1-2)Gal(b1-4)GlcNAc(b1-6)[Gal(?1-?)GlcNAc(b1-3)]Gal(b1-3)[Fuc(a1-2)Gal(?1-?)GlcNAc(b1-6)]GalNAc	885.3	-2	1771.7	O-glycan	NA	4	4	2	0	0	0	1.8447046509024907	0.4004403035436202	1.8372045828196515	0.48894112910964715	10	1.869777844760592	1.833077637637494	2.128422757873767	2.255665781535883	2.205558954790556	1.398225502725108	2.34284649367308	2.518449787647276	2.118480342921631	1.295862123471198	1.764287957492726	1.656327665822046	1.758172453317012	1.154062810556286	1.374724772213386	1.841331528001809
074	Fuc(α1-2)Gal(-)GlcNAc(β1-3)[Fuc(α1-2)Gal(β1-4)GlcNAc(β1-6)]Gal(β1-3)[Gal(-)GlcNAc(β1-6)]GalNAcol	Fuc(a1-2)Gal(?1-?)GlcNAc(b1-3)[Fuc(a1-2)Gal(b1-4)GlcNAc(b1-6)]Gal(b1-3)[Gal(?1-?)GlcNAc(b1-6)]GalNAc	885.3	-2	1771.7	O-glycan	NA	4	4	2	0	0	0	3.1205606535919097	0.43958831506330087	3.250871107520579	0.3872438262555463	10	3.03222180718399	2.675420788550582	3.5426329982401	3.608300592506836	3.487316388929324	3.169575339348385	3.278736337845067	3.391717647822519	3.605678388894308	2.505613431729557	3.417798749819329	3.223005877196091	2.964931623981872	2.141215421552804	2.566930200838027	3.317874863031766
075	Gal(-)GlcNAc(β1-2)Man(α1-3)[Fuc(α1-2)Gal(-)GlcNAc(β1-2)Man(α1-6)]Man(β1-4)GlcNAc(β1-4)GlcNAcol	Fuc(a1-2)Gal(?1-?)GlcNAc(b1-2)Man(a1-6)[Gal(?1-?)GlcNAc(b1-2)Man(a1-3)]Man(b1-4)GlcNAc(b1-4)GlcNAc	893.3	-2	1787.7	N-glycan	NA	5	4	1	0	0	0	0.41439072608306116	0.08461631059284848	0.43312771813063655	0.07107009113659754	10	0.4310854534112464	0.4032521888409983	0.4351699828500267	0.4801488532184152	0.479416330747917	0.3681145729936721	0.4819788225364469	0.5506560122155864	0.3329839200010645	0.2791138240053262	0.4738681442326524	0.3877929001930453	0.4714250597269642	0.28292432054339	0.282642997145183	0.489678234667044
076	HexNAc(-)Gal(-)GlcNAc(β1-3)[HexNAc(-)Gal(-)GlcNAc(β1-6)]Gal(β1-3)[GlcNAcOS(β1-6)]GalNAcol	HexNAc(?1-?)Gal(?1-?)GlcNAc(b1-3)[HexNAc(?1-?)Gal(?1-?)GlcNAc(b1-6)]Gal(b1-3)[GlcNAcOS(b1-6)]GalNAc	901.2	-2	1803.6	O-glycan	NA	3	6	0	0	0	1	0.048267286367564534	0.05738617207071761	0.02913749377833571	0.029351671657532736	9	0.06315987964952471	0.07774541384596673	0.01330454411517352	0.009805240657939092	0.003315153475049486	0.01810320092190971	0.009106099685675691	0.009345261083601165	0.04894012369999498	0.03832519089838934	0.108812861766541	0.03196643781693374	0.2341318090937954	0.02530417187360584	0.02630854973973767	0.05460264355719448
077	Fuc(α1-2)Gal(β1-4)GlcNAc(β1-3)Gal(-)GlcNAc(β1-3)Gal(β1-3)[GalNAc(β1-4)[Fuc(-)]GlcNAc(β1-6)]GalNAcol	Fuc(a1-2)Gal(b1-4)GlcNAc(b1-3)Gal(?1-?)GlcNAc(b1-3)Gal(b1-3)[GalNAc(b1-4)[Fuc(a1-?)]GlcNAc(b1-6)]GalNAc	905.8	-2	1812.7	O-glycan	NA	3	5	2	0	0	0	0.4861750850274885	0.30344722440478356	0.5415691764101251	0.2663381603260821	10	0.8073812910289315	0.0193135213469629	0.5614300711128585	0.5217082817073917	0.5100478365364043	0.7087595543780474	0.8649114871299997	0.7336640545140795	0.6504354366716281	0.4695522706958015	0.03417222903736676	0.7690180235125019	0	0.00699167545164276	0.4911352016811936	0.630280425635006
078	HexNAc(β1-4)GlcNAc(β1-3)[Fuc(α1-2)Gal(β1-4)GlcNAc(β1-6)]Gal(β1-3)[Fuc(α1-2)Gal(β1-4)GlcNAc(β1-6)]GalNAcol	Fuc(a1-2)Gal(b1-4)GlcNAc(b1-6)[HexNAc(b1-4)GlcNAc(b1-3)]Gal(b1-3)[Fuc(a1-2)Gal(b1-4)GlcNAc(b1-6)]GalNAc	905.8	-2	1812.7	O-glycan	NA	3	5	2	0	0	0	1.981526756763214	0.3800124738206803	1.930717260132314	0.5011104757204978	10	2.660576470822181	2.034283483834555	1.618801673917823	1.515597889584492	1.579248553801887	2.027247609810761	2.456508870846618	1.906729133568269	1.907084799430501	1.954349720834127	2.25523732450268	2.451727314323568	1.86069483477478	1.493321689563449	1.542599412440958	2.440419326154775
079	Fuc(α1-2)Gal(β1-4)GlcNAc(β1-3)[Fuc(α1-2)Gal(β1-4)GlcNAc(β1-6)]Gal(β1-3)[HexNAc(β1-4)GlcNAc(β1-6)]GalNAcol	Fuc(a1-2)Gal(b1-4)GlcNAc(b1-3)[Fuc(a1-2)Gal(b1-4)GlcNAc(b1-6)]Gal(b1-3)[HexNAc(b1-4)GlcNAc(b1-6)]GalNAc	905.8	-2	1812.7	O-glycan	NA	3	5	2	0	0	0	1.8787261988196349	0.3836954479066362	1.9425560421548616	0.4886699525290231	10	2.299427199346513	1.793699058759317	1.431351633128742	1.281678735371978	1.303047169142771	2.094192973293956	2.324654913516129	1.854686947661215	2.320952509082236	1.810739563197761	2.030425136648508	2.309033938125595	2.07489593831872	1.326433635128576	1.640220464517128	2.164179365875011
080	Fuc(α1-2)Gal(-)GlcNAc(β1-3)[HexNAc(-)Gal(β1-4)GlcNAc(β1-3)]Gal(β1-3)[Gal(-)GlcNAc(β1-6)]GalNAcol	Fuc(a1-2)Gal(?1-?)GlcNAc(b1-3)[HexNAc(?1-?)Gal(b1-4)GlcNAc(b1-3)]Gal(b1-3)[Gal(?1-?)GlcNAc(b1-6)]GalNAc	913.8	-2	1828.7	O-glycan	NA	4	5	1	0	0	0	0.7728723936839315	0.19184064105952053	0.7750990692350337	0.16448335818646231	10	0.6685510911001182	0.7756013829664464	0.8828843498837532	0.774596755503621	1.069681609590713	0.6609993395148576	0.8220115215613002	0.9699954661375956	1.135370967242048	0.5529019342559891	0.8717187393264096	0.6585376900361224	0.6691105883321101	0.4954644142515326	0.4801659169437733	0.8783665322965135
081	GlcNAc(α1-4)Gal(β1-4)GlcNAc(β1-3)[Fuc(α1-2)Gal(β1-4)GlcNAc(β1-3)]Gal(β1-3)[GalNAc(β1-4)GlcNAc(β1-6)]GalNAcol	Fuc(a1-2)Gal(b1-4)GlcNAc(b1-3)[GlcNAc(a1-4)Gal(b1-4)GlcNAc(b1-3)]Gal(b1-3)[GalNAc(b1-4)GlcNAc(b1-6)]GalNAc	934.3	-2	1869.7	O-glycan	NA	3	6	1	0	0	0	0.13975435859586524	0.048623765832190316	0.1419760321392596	0.029281808474330977	10	0.1591897457059486	0.1235668852426694	0.1228472029902515	0.1034106516195068	0.1361247288923505	0.1539653152738157	0.1795370455620015	0.1623478214636509	0.28071794848349	0.08875596766685664	0.1498509017132779	0.1582064241044115	0.1047903734759768	0.07398932575787576	0.09094206419559153	0.1478273353861687
082	Man(α1-2)Man(α1-2)Man(α1-3)[Man(α1-2)Man(α1-3)[Man(α1-2)Man(α1-6)]Man(α1-6)]Man(β1-4)GlcNAc(β1-4)GlcNAcol	Man(a1-2)Man(a1-2)Man(a1-3)[Man(a1-2)Man(a1-3)[Man(a1-2)Man(a1-6)]Man(a1-6)]Man(b1-4)GlcNAc(b1-4)GlcNAc	941.3	-2	1883.7	N-glycan	NA	9	2	0	0	0	0	0.9694950585266534	0.525799376964128	0.7555255640839448	0.3661788449160181	11	0.5795831116310397	1.089201566849597	0.6779341646411365	0.4525299994704756	0.5645526342740791	0.8229082065352241	0.70456079837897	0.7064226639219172	0.3729073909024481	1.932122648508968	0.8046284642459723	1.174653170163176	1.158428912192834	1.972385403612316	1.863270172707865	0.6358316283904362
083	GlcNAc(α1-4)Gal(-)GlcNAc(β1-3)[Gal(β1-4)GlcNAc(β1-3)]Gal(β1-3)[GlcNAc(α1-4)Gal(-)GlcNAc(β1-6)]GalNAcol	GlcNAc(a1-4)Gal(?1-?)GlcNAc(b1-3)[Gal(b1-4)GlcNAc(b1-3)]Gal(b1-3)[GlcNAc(a1-4)Gal(?1-?)GlcNAc(b1-6)]GalNAc	942.3	-2	1885.7	O-glycan	NA	4	6	0	0	0	0	1.904915513358677	0.670041149750612	1.937839196858202	0.8645482630997032	10	1.080213787191038	1.984384656111133	1.647339942414893	2.255687733030155	1.891293737605271	2.650828585899839	0.8273602168906151	1.569216363095856	2.714972130899732	2.376381779867795	1.334229204725288	1.375189559826536	2.037795657126126	2.956201431475979	2.731378808205485	1.046174619373093
084	Fuc(α1-2)Gal(β1-4)[Fuc(α1-3)]GlcNAc(β1-3)[Fuc(α1-2)Gal(β1-4)GlcNAc(β1-3)]Gal(β1-3)[Gal(-)GlcNAc(β1-6)]GalNAcol	Fuc(a1-2)Gal(b1-4)GlcNAc(b1-3)[Fuc(a1-2)Gal(b1-4)[Fuc(a1-3)]GlcNAc(b1-3)]Gal(b1-3)[Gal(?1-?)GlcNAc(b1-6)]GalNAc	958.4	-2	1917.7	O-glycan	NA	4	4	3	0	0	0	1.6577239720562054	1.22711985598957	2.1196507214033384	0.796115069073385	11	0	2.049197607206184	2.430872939603613	2.925064942921087	0	0	2.491698484439336	2.425084947750432	0	1.671611124350016	3.370160540245961	2.741901379001745	0	1.667956863861606	2.190103835600493	2.559930887918813
085	Fuc(α1-2)Gal(β1-?)GlcNAc(β1-3)[Fuc(α1-2)Gal(β1-4)GlcNAc(β1-6)]Gal(β1-3)[Fuc(α1-2)Gal(β1-?)GlcNAc(β1-6)]GalNAcol	Fuc(a1-2)Gal(b1-?)GlcNAc(b1-3)[Fuc(a1-2)Gal(b1-4)GlcNAc(b1-6)]Gal(b1-3)[Fuc(a1-2)Gal(b1-?)GlcNAc(b1-6)]GalNAc	958.4	-2	1917.7	O-glycan	NA	4	4	3	0	0	0	7.1943069065300165	1.347473595194792	7.328639529196238	1.787426346905985	11	7.979334615997886	6.746821002040523	8.430716448565292	8.68627016704604	7.674381813923907	8.6823504901753	8.637767718293372	6.982897244468569	6.003088439020613	5.316595232083351	8.708043407545363	6.775356067427405	6.635718516867518	4.513669537851723	5.521777828523345	7.814121974650049
086	Fuc(α1-2)Gal(-)GlcNAc(β1-3)[Gal(-)Gal(-)GlcNAc(β1-6)]Gal(β1-3)[Fuc(α1-2)Gal(-)GlcNAc(β1-6)]GalNAcol	Fuc(a1-2)Gal(?1-?)GlcNAc(b1-3)[Gal(?1-?)Gal(?1-?)GlcNAc(b1-6)]Gal(b1-3)[Fuc(a1-2)Gal(?1-?)GlcNAc(b1-6)]GalNAc	966.3	-2	1933.7	O-glycan	NA	5	4	2	0	0	0	0.2819191193174433	0.08712162623913977	0.2544826415623852	0.0624842563088748	11	0.2278865705787941	0.3431292570977779	0.2445672600432147	0.2111221956229127	0.2643980230815557	0.1960532107455678	0.2950238634228971	0.3073658445886127	0.156213173272172	0.2323020661370202	0.3927261550205801	0.4420783848353511	0.4544238055611055	0.2417161156466352	0.2135529805156513	0.2881470029092449
087	Fuc(α1-2)Gal(-)GlcNAc(β1-3)[HexNAc(-)Gal(β1-4)GlcNAc(β1-3)]Gal(β1-3)[Fuc(α1-2)Gal(-)GlcNAc(β1-6)]GalNAcol	Fuc(a1-2)Gal(?1-?)GlcNAc(b1-3)[HexNAc(?1-?)Gal(b1-4)GlcNAc(b1-3)]Gal(b1-3)[Fuc(a1-2)Gal(?1-?)GlcNAc(b1-6)]GalNAc	986.9	-2	1974.7	O-glycan	NA	4	5	2	0	0	0	0.6071190109174257	0.16374351409161247	0.5770726034977944	0.13291718032184344	11	0.4873003439610631	0.5576664809083185	0.735101908033522	0.6666031637665986	1.043580459172435	0.5018990356647607	0.590150393226009	0.6534897002654411	0.6998345351964853	0.412111040445198	0.7986375990193614	0.5639948137695797	0.4917700933367237	0.4132053756489909	0.4526126482796834	0.6459465839846403
088	Fuc(α1-2)Gal(-)GlcNAc(β1-3)[Neu5Ac(-)Gal(-)GlcNAc(β1-6)]Gal(β1-3)[Fuc(α1-2)Gal(-)GlcNAc(β1-6)]GalNAcol	Fuc(a1-2)Gal(?1-?)GlcNAc(b1-3)[Neu5Ac(a2-?)Gal(?1-?)GlcNAc(b1-6)]Gal(b1-3)[Fuc(a1-2)Gal(?1-?)GlcNAc(b1-6)]GalNAc	1030.9	-2	2062.8	O-glycan	NA	4	4	2	1	0	0	0.2894766725415495	0.7154028413018815	0	0	11	0	0	0	0	0	2.176825212518839	0	0	0	0.1336377816815168	0	0	0	0.135701115972872	0.12971498854630031	2.055747661945264
089	Fuc(α1-2)Gal(β1-4)GlcNAc(β1-3)[Fuc(α1-2)Gal(β1-4)GlcNAc(β1-6)]Gal(β1-3)[Neu5Ac(-)Gal(-)GlcNAc(β1-6)]GalNAcol	Fuc(a1-2)Gal(b1-4)GlcNAc(b1-3)[Fuc(a1-2)Gal(b1-4)GlcNAc(b1-6)]Gal(b1-3)[Neu5Ac(a2-?)Gal(?1-?)GlcNAc(b1-6)]GalNAc	1030.9	-2	2062.8	O-glycan	NA	4	4	2	1	0	0	0.0043239177775853035	0.01031653609235596	0	0	11	0	0	0	0	0	0	0	0	0	0.0333169029120265	0	0	0	0.02637122091126292	0.00949456061807544	0
090	Neu5Ac(-)Gal(-)GlcNAc(β1-3)[Fuc(α1-2)Gal(-)GlcNAc(β1-6)]Gal(β1-3)[Fuc(α1-2)Gal(-)GlcNAc(β1-6)]GalNAcol	Neu5Ac(a2-?)Gal(?1-?)GlcNAc(b1-3)[Fuc(a1-2)Gal(?1-?)GlcNAc(b1-6)]Gal(b1-3)[Fuc(a1-2)Gal(?1-?)GlcNAc(b1-6)]GalNAc	1030.9	-2	2062.8	O-glycan	NA	4	4	2	1	0	0	0.03209395255144	0.041123404858162314	0	0	11	0.06151081732143315	0.119671629179715	0	0.05599547818763122	0	0.07469777331246857	0	0	0	0	0	0.09012285468833454	0	0.0743057532478657	0.03719893488559183	0
091	GlcNAc(α1-4)Gal(-)GlcNAc(β1-3)[GlcNAc(α1-4)Gal(β1-4)GlcNAc(β1-3)]Gal(β1-3)[GlcNAc(α1-4)Gal(-)GlcNAc(β1-6)]GalNAcol	GlcNAc(a1-4)Gal(?1-?)GlcNAc(b1-3)[GlcNAc(a1-4)Gal(b1-4)GlcNAc(b1-3)]Gal(b1-3)[GlcNAc(a1-4)Gal(?1-?)GlcNAc(b1-6)]GalNAc	1043.9	-2	2088.8	O-glycan	NA	4	7	0	0	0	0	1.1735527003788342	0.43483435344735305	1.1255579927811385	0.5531262351723629	11	0.6849839280086765	1.105177336802459	1.052843472624425	1.448802959677977	1.167318900778034	1.681217319191112	0.4476082399307266	1.020109528002024	1.708367357567739	1.507926059667738	0.9082190426500137	0.7617689907720643	1.145938648759818	1.82498735030373	1.717321701645955	0.5942523696788551
092	Neu5Ac(-)Gal(-)GlcNAc(β1-3)[Neu5Ac(-)Gal(-)GlcNAc(β1-3)]Gal(β1-3)[Fuc(α1-2)Gal(-)GlcNAc(β1-6)]GalNAcol	Neu5Ac(a2-?)Gal(?1-?)GlcNAc(b1-3)[Neu5Ac(a2-?)Gal(?1-?)GlcNAc(b1-3)]Gal(b1-3)[Fuc(a1-2)Gal(?1-?)GlcNAc(b1-6)]GalNAc	1103.4	-2	2208.8	O-glycan	NA	4	4	1	2	0	0	0.35381818725732794	0.5461326835399082	0.08731394043701324	0.1294516480919158	11	0	0	0	0.01436412383960781	1.504581065020563	0.4484461212990538	0.06772495584742187	0.1069029250266046	0	0	0.3500124021101826	0.4837474519598982	1.732162519823046	0.1727104008755463	0	0.7804390303153225
093	Fuc(α1-2)Gal(-)GlcNAc(β1-3)[Neu5Ac(-)Gal(-)GlcNAc(β1-3)]Gal(β1-3)[Neu5Ac(-)Gal(-)GlcNAc(β1-6)]GalNAcol	Fuc(a1-2)Gal(?1-?)GlcNAc(b1-3)[Neu5Ac(a2-?)Gal(?1-?)GlcNAc(b1-3)]Gal(b1-3)[Neu5Ac(a2-?)Gal(?1-?)GlcNAc(b1-6)]GalNAc	1103.4	-2	2208.8	O-glycan	NA	4	4	1	2	0	0	0.11764130451229399	0.20440092749604946	9.720005457541035e-4	0.0014410880091350337	11	0	0.08948571756090647	0.1080223395028324	0	0.5484704553960141	0.17199862226559	0	0	0.001944001091508207	0	0	0	0.6393282192815055	0.02524267720516578	0	0.2977688398931813
094	Neu5Gc(-)Gal(-)GlcNAc(β1-2)Man(α1-3)[Neu5Gc(-)Gal(-)GlcNAc(β1-2)Man(α1-6)]Man(β1-4)GlcNAc(β1-4)GlcNAcol	Neu5Gc(a2-?)Gal(?1-?)GlcNAc(b1-2)Man(a1-3)[Neu5Gc(a2-?)Gal(?1-?)GlcNAc(b1-2)Man(a1-6)]Man(b1-4)GlcNAc(b1-4)GlcNAc	1127.4	-2	2255.8	N-glycan	NA	5	4	0	0	2	0	0.7708446466760093	0.7277676618333953	0.49809977618893275	0.3199102785082289	11	0.464255998288724	0	0.6311728869507116	0.2286098600124905	0.4846681922039248	0.3822791688096129	0.4411772692155423	0.5115313601739406	0	2.075734509081408	0.3360366389346062	0.9228713759888127	0.8556500357842601	2.047720792280836	2.310537459981628	0.6412687991096501
095	Neu5Ac(-)Gal(β1-4)GlcNAc(β1-3)Gal(-)GlcNAc(β1-3)[Fuc(α1-2)Gal(β1-4)GlcNAc(β1-3)]Gal(β1-3)[Gal(-)GlcNAc(β1-6)]GalNAcol	Neu5Ac(a2-?)Gal(b1-4)GlcNAc(b1-3)Gal(?1-?)GlcNAc(b1-3)[Fuc(a1-2)Gal(b1-4)GlcNAc(b1-3)]Gal(b1-3)[Gal(?1-?)GlcNAc(b1-6)]GalNAc	1140.4	-2	2281.8	O-glycan	NA	5	5	1	1	0	0	0.14344947796923038	0.0993340404582316	0.12481211860516606	0.09578600201571708	12	0.3413969699896968	0.100454081716387	0.1866756901678432	0.1803626502052157	0.273030587582707	0.1441022800282055	0.1055219571821266	0.09652726054329562	0.2482063302113821	0	0.0934851447996092	0.1021606534770435	0.2229166949021067	0	0.00818925316596285	0.1921620935361043
096	Fuc(-)Gal(-)GlcNAc(β1-3)[Neu5Ac(-)Gal(-)GlcNAc(β1-3)Gal(β1-4)GlcNAc(β1-6)]Gal(β1-3)[Fuc(α1-2)Gal(-)GlcNAc(β1-6)]GalNAcol	Neu5Ac(a2-?)Gal(?1-?)GlcNAc(b1-3)Gal(b1-4)GlcNAc(b1-6)[Fuc(a1-?)Gal(?1-?)GlcNAc(b1-3)]Gal(b1-3)[Fuc(a1-2)Gal(?1-?)GlcNAc(b1-6)]GalNAc	1213.4	-2	2427.9	O-glycan	NA	5	5	2	1	0	0	0.1471375621962996	0.07914175917358389	0.15708546669942036	0.038436928754464535	13	0.137299572245999	0.1254174734116568	0.212272781346689	0.1727739518772719	0.2905631359639771	0.1717072083598797	0.1611278034120263	0.1369027534520908	0.1530431299868144	0.01713643315286083	0.17208241389553	0.1527390572340349	0.2357810454136748	0	0.01603191624288789	0.1993223191453999
097	Neu5Ac(-)HexNAc(-)GlcNAc(β1-2)Man(α1-3)[Neu5Ac(-)HexNAc(-)GlcNAc(β1-2)Man(α1-6)]Man(β1-4)GlcNAc(β1-4)[Fuc(α1-6)]GlcNAcol	Neu5Ac(a2-?)HexNAc(?1-?)GlcNAc(b1-2)Man(a1-3)[Neu5Ac(a2-?)HexNAc(?1-?)GlcNAc(b1-2)Man(a1-6)]Man(b1-4)GlcNAc(b1-4)[Fuc(a1-6)]GlcNAc	1225.4	-2	2451.9	N-glycan	NA	3	6	1	2	0	0	0.2918490128558772	0.2788091727152137	0.3525768320275548	0.4657069421378873	12	0.5107902840387036	0	0	0	0.4763542540363654	0.6447413713673268	0.562495167783352	0.5279327875611813	0.002343341285159975	0	0	0.6886423508799956	0	0.310112086125111	0.3950415779299986	0.5511309846868414
098	Neu5Ac(-)Gal(-)GlcNAc(β1-2)Man(α1-3)[GlcNAc(β1-4)][Neu5Ac(-)Gal(-)GlcNAc(β1-2)Man(α1-6)]Man(β1-4)GlcNAc(β1-4)[Fuc(α1-6)]GlcNAcol	Neu5Ac(a2-?)Gal(?1-?)GlcNAc(b1-2)Man(a1-3)[Neu5Ac(a2-?)Gal(?1-?)GlcNAc(b1-2)Man(a1-6)][GlcNAc(b1-4)]Man(b1-4)GlcNAc(b1-4)[Fuc(a1-6)]GlcNAc	1286	-2	2572.9	N-glycan	NA	5	5	1	2	0	0	0.09463846910886058	0.18290309796234946	0.011171246022631993	0.016562489353154193	13	0.005985093141976795	0.01983972967571448	0	0	0.4140659543294937	0.1222902185749876	0.01708457488147011	0.01635739890328719	0	0	0.002710853819170708	0.02029421363334423	0.6155049885858108	0	0	0.2800824801965135
099	Neu5Ac(-)Gal(-)GlcNAc(β1-3)Gal(-)GlcNAc(β1-3)[Fuc(α1-2)Gal(-)GlcNAc(β1-3)Gal(-)GlcNAc(β1-6)]Gal(β1-3)[Gal(-)GlcNAc(β1-6)]GalNAcol	Neu5Ac(a2-?)Gal(?1-?)GlcNAc(b1-3)Gal(?1-?)GlcNAc(b1-3)[Fuc(a1-2)Gal(?1-?)GlcNAc(b1-3)Gal(?1-?)GlcNAc(b1-6)]Gal(b1-3)[Gal(?1-?)GlcNAc(b1-6)]GalNAc	1323	-2	2647	O-glycan	NA	6	6	1	1	0	0	0.07527155798198899	0.10282865165507922	0	0	14	0.2188134117554044	0	0.1893589942751908	0	0	0	0.213511124736851	0.1651885844750365	0.279276800771018	0	0	0.1196147659235645	0.01858124577475877	0	0	0
100	Fuc(α1-2)Gal(-)GlcNAc(β1-3)Gal(-)GlcNAc(β1-3)[Neu5Ac(-)Gal(-)GlcNAc(β1-3)Gal(-)GlcNAc(β1-6)]Gal(β1-3)[Gal(-)GlcNAc(β1-6)]GalNAcol	Fuc(a1-2)Gal(?1-?)GlcNAc(b1-3)Gal(?1-?)GlcNAc(b1-3)[Neu5Ac(a2-?)Gal(?1-?)GlcNAc(b1-3)Gal(?1-?)GlcNAc(b1-6)]Gal(b1-3)[Gal(?1-?)GlcNAc(b1-6)]GalNAc	1323	-2	2647	O-glycan	NA	6	6	1	1	0	0	0.035490787487596806	0.05410750291414643	0.01446809523967527	0.021450398002342552	14	0.005644453326535025	0.02473777449272248	0.01861495592459398	0.03651431265505812	0	0.06867690565700377	0.05705419683646111	0	0.2108970237687731	0	0	0.01032123455475656	0.07108643320962289	0	0	0.06430530937602189
